{"name": "VSCO PIKACHU", "version": "1.0", "location": {"callable": {}, "screen": {"load": ["game/screens.rpy", 594], "help": ["game/screens.rpy", 971], "say": ["game/screens.rpy", 98], "notify": ["game/screens.rpy", 1255], "keyboard_help": ["game/screens.rpy", 1000], "gamepad_help": ["game/screens.rpy", 1070], "preferences": ["game/screens.rpy", 716], "confirm": ["game/screens.rpy", 1136], "mouse_help": ["game/screens.rpy", 1047], "input": ["game/screens.rpy", 174], "save": ["game/screens.rpy", 587], "skip_indicator": ["game/screens.rpy", 1199], "file_slots": ["game/screens.rpy", 601], "choice": ["game/screens.rpy", 207], "game_menu": ["game/screens.rpy", 417], "main_menu": ["game/screens.rpy", 352], "nvl": ["game/screens.rpy", 1294], "quick_menu": ["game/screens.rpy", 1416], "about": ["game/screens.rpy", 543], "nvl_dialogue": ["game/screens.rpy", 1326], "navigation": ["game/screens.rpy", 292], "history": ["game/screens.rpy", 883]}, "define": {"gui.accent_color": ["game/gui.rpy", 26], "gui.interface_text_size": ["game/gui.rpy", 73], "build.name": ["game/options.rpy", 40], "gui.bar_tile": ["game/gui.rpy", 313], "gui.nvl_thought_xpos": ["game/gui.rpy", 391], "gui.slot_button_text_idle_color": ["game/gui.rpy", 228], "config.history_length": ["game/gui.rpy", 337], "config.after_load_transition": ["game/options.rpy", 86], "gui.page_spacing": ["game/gui.rpy", 269], "gui.page_button_borders": ["game/gui.rpy", 187], "gui.idle_color": ["game/gui.rpy", 29], "config.window": ["game/options.rpy", 108], "gui.slider_tile": ["game/gui.rpy", 315], "gui.main_menu_text_xalign": ["game/gui.rpy", 275], "gui.nvl_button_xalign": ["game/gui.rpy", 398], "gui.nvl_text_ypos": ["game/gui.rpy", 385], "gui.frame_borders": ["game/gui.rpy", 284], "gui.nvl_list_length": ["game/gui.rpy", 366], "gui.slot_button_borders": ["game/gui.rpy", 225], "gui.scrollbar_borders": ["game/gui.rpy", 319], "config.enter_transition": ["game/options.rpy", 75], "gui.pref_spacing": ["game/gui.rpy", 263], "gui.dialogue_text_xalign": ["game/gui.rpy", 139], "gui.nvl_text_xpos": ["game/gui.rpy", 384], "config.window_icon": ["game/options.rpy", 152], "gui.muted_color": ["game/gui.rpy", 47], "gui.dialogue_ypos": ["game/gui.rpy", 132], "config.has_sound": ["game/options.rpy", 48], "gui.button_text_font": ["game/gui.rpy", 159], "gui.nvl_name_ypos": ["game/gui.rpy", 379], "gui.game_menu_background": ["game/gui.rpy", 89], "gui.choice_button_text_hover_color": ["game/gui.rpy", 213], "gui.nvl_button_xpos": ["game/gui.rpy", 397], "p": ["game/script.rpy", 1], "gui.name_xalign": ["game/gui.rpy", 112], "gui.namebox_borders": ["game/gui.rpy", 121], "gui.frame_tile": ["game/gui.rpy", 296], "gui.nvl_text_xalign": ["game/gui.rpy", 387], "gui.vbar_borders": ["game/gui.rpy", 323], "config.end_game_transition": ["game/options.rpy", 91], "gui.slot_button_text_size": ["game/gui.rpy", 226], "gui.dialogue_xpos": ["game/gui.rpy", 131], "gui.namebox_height": ["game/gui.rpy", 117], "config.version": ["game/options.rpy", 26], "gui.history_text_width": ["game/gui.rpy", 353], "gui.radio_button_borders": ["game/gui.rpy", 181], "gui.button_text_size": ["game/gui.rpy", 162], "config.window_hide_transition": ["game/options.rpy", 114], "gui.about": ["game/options.rpy", 32], "gui.navigation_spacing": ["game/gui.rpy", 260], "gui.choice_button_borders": ["game/gui.rpy", 208], "config.intra_transition": ["game/options.rpy", 81], "gui.slot_button_width": ["game/gui.rpy", 223], "gui.choice_button_text_xalign": ["game/gui.rpy", 211], "gui.show_name": ["game/options.rpy", 21], "gui.slot_button_text_selected_hover_color": ["game/gui.rpy", 230], "gui.title_text_size": ["game/gui.rpy", 82], "gui.slot_button_text_selected_idle_color": ["game/gui.rpy", 229], "gui.button_text_idle_color": ["game/gui.rpy", 165], "gui.notify_frame_borders": ["game/gui.rpy", 293], "gui.navigation_xpos": ["game/gui.rpy", 248], "gui.slot_button_height": ["game/gui.rpy", 224], "gui.history_text_ypos": ["game/gui.rpy", 352], "config.nvl_list_length": ["game/screens.rpy", 1347], "gui.notify_text_size": ["game/gui.rpy", 79], "config.has_voice": ["game/options.rpy", 50], "gui.selected_color": ["game/gui.rpy", 40], "gui.history_text_xpos": ["game/gui.rpy", 351], "gui.skip_frame_borders": ["game/gui.rpy", 290], "gui.confirm_button_text_xalign": ["game/gui.rpy", 185], "gui.text_font": ["game/gui.rpy", 58], "gui.history_name_xpos": ["game/gui.rpy", 345], "gui.main_menu_background": ["game/gui.rpy", 88], "gui.button_width": ["game/gui.rpy", 148], "gui.button_text_selected_color": ["game/gui.rpy", 167], "gui.nvl_thought_ypos": ["game/gui.rpy", 392], "config.save_directory": ["game/options.rpy", 145], "gui.skip_ypos": ["game/gui.rpy", 251], "gui.namebox_tile": ["game/gui.rpy", 125], "gui.nvl_text_width": ["game/gui.rpy", 386], "gui.hover_color": ["game/gui.rpy", 36], "gui.interface_text_color": ["game/gui.rpy", 52], "config.thumbnail_width": ["game/gui.rpy", 233], "gui.idle_small_color": ["game/gui.rpy", 33], "config.exit_transition": ["game/options.rpy", 76], "gui.button_text_xalign": ["game/gui.rpy", 172], "gui.name_xpos": ["game/gui.rpy", 107], "gui.name_text_size": ["game/gui.rpy", 70], "gui.history_text_xalign": ["game/gui.rpy", 354], "gui.file_slot_rows": ["game/gui.rpy", 238], "gui.button_text_insensitive_color": ["game/gui.rpy", 168], "gui.hover_muted_color": ["game/gui.rpy", 48], "gui.scrollbar_size": ["game/gui.rpy", 309], "gui.quick_button_text_selected_color": ["game/gui.rpy", 192], "gui.nvl_thought_width": ["game/gui.rpy", 393], "gui.history_height": ["game/gui.rpy", 341], "gui.text_size": ["game/gui.rpy", 67], "gui.unscrollable": ["game/gui.rpy", 329], "gui.choice_button_text_font": ["game/gui.rpy", 209], "gui.slot_spacing": ["game/gui.rpy", 272], "gui.quick_button_text_idle_color": ["game/gui.rpy", 191], "config.window_show_transition": ["game/options.rpy", 113], "config.narrator_menu": ["game/screens.rpy", 217], "gui.nvl_height": ["game/gui.rpy", 370], "gui.choice_button_height": ["game/gui.rpy", 206], "gui.nvl_spacing": ["game/gui.rpy", 374], "quick_menu": ["game/screens.rpy", 271], "gui.insensitive_color": ["game/gui.rpy", 43], "gui.bar_borders": ["game/gui.rpy", 318], "gui.dialogue_width": ["game/gui.rpy", 135], "gui.scrollbar_tile": ["game/gui.rpy", 314], "gui.quick_button_text_size": ["game/gui.rpy", 190], "config.has_music": ["game/options.rpy", 49], "gui.textbox_height": ["game/gui.rpy", 98], "gui.file_slot_cols": ["game/gui.rpy", 237], "gui.text_color": ["game/gui.rpy", 51], "gui.history_name_xalign": ["game/gui.rpy", 348], "config.name": ["game/options.rpy", 15], "gui.button_text_hover_color": ["game/gui.rpy", 166], "gui.textbox_yalign": ["game/gui.rpy", 102], "gui.nvl_name_width": ["game/gui.rpy", 380], "gui.choice_button_text_idle_color": ["game/gui.rpy", 212], "gui.button_borders": ["game/gui.rpy", 152], "gui.button_tile": ["game/gui.rpy", 156], "narrator": ["game/script.rpy", 3], "gui.choice_button_tile": ["game/gui.rpy", 207], "gui.history_name_width": ["game/gui.rpy", 347], "gui.language": ["game/gui.rpy", 406], "gui.notify_ypos": ["game/gui.rpy", 254], "gui.nvl_name_xalign": ["game/gui.rpy", 381], "gui.label_text_size": ["game/gui.rpy", 76], "gui.nvl_thought_xalign": ["game/gui.rpy", 394], "gui.namebox_width": ["game/gui.rpy", 116], "gui.vslider_borders": ["game/gui.rpy", 325], "gui.slider_borders": ["game/gui.rpy", 320], "gui.history_allow_tags": ["game/screens.rpy", 921], "gui.name_text_font": ["game/gui.rpy", 61], "gui.name_ypos": ["game/gui.rpy", 108], "gui.nvl_borders": ["game/gui.rpy", 362], "gui.pref_button_spacing": ["game/gui.rpy", 266], "config.thumbnail_height": ["game/gui.rpy", 234], "gui.bar_size": ["game/gui.rpy", 308], "gui.choice_button_width": ["game/gui.rpy", 205], "gui.interface_text_font": ["game/gui.rpy", 64], "gui.history_name_ypos": ["game/gui.rpy", 346], "m": ["game/script.rpy", 2], "gui.slot_button_text_xalign": ["game/gui.rpy", 227], "gui.nvl_name_xpos": ["game/gui.rpy", 378], "gui.confirm_frame_borders": ["game/gui.rpy", 287], "gui.slider_size": ["game/gui.rpy", 310], "gui.button_height": ["game/gui.rpy", 149], "gui.check_button_borders": ["game/gui.rpy", 183], "gui.choice_spacing": ["game/gui.rpy", 257], "gui.quick_button_borders": ["game/gui.rpy", 189], "gui.choice_button_text_size": ["game/gui.rpy", 210], "gui.vscrollbar_borders": ["game/gui.rpy", 324]}, "transform": {"delayed_blink": ["game/screens.rpy", 1217], "notify_appear": ["game/screens.rpy", 1266]}, "label": {"potion": ["game/script.rpy", 100], "mushroom": ["game/script.rpy", 221], "start": ["game/script.rpy", 12], "leaves": ["game/script.rpy", 200], "together": ["game/script.rpy", 228], "pikachuattack1": ["game/script.rpy", 312], "fightend": ["game/script.rpy", 333], "pikachuattack2": ["game/script.rpy", 324], "endgame": ["game/script.rpy", 369], "chicken": ["game/script.rpy", 214], "eyeballs": ["game/script.rpy", 207]}}, "error": false, "size": [1280, 720], "build": {"documentation_patterns": ["*.html", "*.txt"], "directory_name": "VSCOPIKACHU-1.0", "display_name": "VSCOPIKACHU", "script_version": true, "destination": "VSCOPIKACHU-1.0-dists", "renpy": false, "allow_integrated_gpu": true, "include_update": false, "base_patterns": [["*.py", null], ["*.sh", null], ["*.app/", null], ["*.dll", null], ["*.manifest", null], ["lib/", null], ["renpy/", null], ["update/", null], ["common/", null], ["update/", null], ["icon.ico", null], ["icon.icns", null], ["project.json", null], ["log.txt", null], ["errors.txt", null], ["traceback.txt", null], ["image_cache.txt", null], ["text_overflow.txt", null], ["dialogue.txt", null], ["dialogue.tab", null], ["profile_screen.txt", null], ["files.txt", null], ["tmp/", null], ["game/saves/", null], ["game/bytecode.rpyb", null], ["archived/", null], ["launcherinfo.py", null], ["android.txt", null], [".android.json", ["android"]], ["android-icon.png", ["android"]], ["android-presplash.*", ["android"]], ["android-*-icon.png", ["android"]], ["android-*-presplash.*", ["android"]], ["ouya_icon.png", ["android"]], ["ios-presplash.*", ["ios"]], ["**~", null], ["**.bak", null], ["**/.**", null], ["**/#**", null], ["**/thumbs.db", null], [".*", null], ["**", ["all"]]], "version": "1.0", "archives": [["archive", ["all"]]], "xbit_patterns": ["**.sh", "**/*.so.*", "**/*.so", "**/*.dylib", "lib/**/python", "lib/**/pythonw", "lib/**/zsync", "lib/**/zsyncmake", "**.app/Contents/MacOS/*", "**.app/Contents/MacOS/lib/**/python", "**.app/Contents/MacOS/lib/**/pythonw", "**.app/Contents/MacOS/lib/**/zsync", "**.app/Contents/MacOS/lib/**/zsyncmake"], "exclude_empty_directories": true, "renpy_patterns": [["renpy/common/_compat/**", null], ["renpy/common/_roundrect/**", null], ["renpy/common/_outline/**", null], ["renpy/common/_theme**", null], ["**~", null], ["**/#*", null], ["**/.*", null], ["**.old", null], ["**.new", null], ["**.rpa", null], ["**/*.pyc", null], ["renpy.py", ["renpy"]], ["renpy/", ["all"]], ["renpy/common/", ["all"]], ["renpy/common/_compat/**", ["renpy"]], ["renpy/common/**.rpy", ["renpy"]], ["renpy/common/**.rpym", ["renpy"]], ["renpy/common/_compat/**", ["renpy"]], ["renpy/common/**", ["all"]], ["renpy/**", ["renpy"]], ["lib/*/renpy", null], ["lib/*/renpy.exe", null], ["lib/windows-i686/**", ["windows"]], ["lib/linux-*/**", ["linux"]], ["lib/darwin-x86_64/**", ["mac"]], ["/lib/**", ["windows", "linux", "mac"]], ["renpy.sh", ["linux", "mac"]]], "packages": [{"dlc": false, "hidden": false, "description": "PC: Windows and Linux", "formats": ["zip"], "file_lists": ["windows", "linux", "renpy", "all"], "update": true, "name": "pc"}, {"dlc": false, "hidden": false, "description": "Linux x86/x86_64", "formats": ["tar.bz2"], "file_lists": ["linux", "renpy", "all"], "update": true, "name": "linux"}, {"dlc": false, "hidden": false, "description": "Macintosh x86_64", "formats": ["app-zip", "app-dmg"], "file_lists": ["mac", "renpy", "all"], "update": true, "name": "mac"}, {"dlc": false, "hidden": false, "description": "Windows x86", "formats": ["zip"], "file_lists": ["windows", "renpy", "all"], "update": true, "name": "win"}, {"dlc": false, "hidden": false, "description": "Windows, Mac, Linux for Markets", "formats": ["zip"], "file_lists": ["windows", "linux", "mac", "renpy", "all"], "update": true, "name": "market"}, {"dlc": false, "hidden": true, "description": "steam", "formats": ["zip"], "file_lists": ["windows", "linux", "mac", "renpy", "all"], "update": true, "name": "steam"}, {"dlc": true, "hidden": true, "description": "android", "formats": ["directory"], "file_lists": ["android", "renpy", "all"], "update": false, "name": "android"}, {"dlc": true, "hidden": true, "description": "ios", "formats": ["directory"], "file_lists": ["ios", "renpy", "all"], "update": false, "name": "ios"}], "executable_name": "VSCOPIKACHU"}}